,total_return,cagr,vol,sharpe,t_stat,max_drawdown,worst_day,best_day,skew,kurtosis,win_rate,days
covered_call_25d,0.5501800982060294,0.02847869173996731,0.05090829875235139,0.6923892825766298,2.735692276129891,-0.08932602042363624,-0.030737598951317488,0.047241657077830165,-0.19900688958066706,23.34611318382729,0.5887137773258769,3934.0
conversion,0.021274173148839726,0.0013493745957799952,0.002153665186949993,0.6388150478594167,2.5240156603826955,-0.03574635839561835,-0.0014055220936417755,0.00030267717632174025,-4.9661769008582235,33.289612368167255,0.8121504829689883,3934.0
short_strangle_16d,0.17554398944007477,0.01041384407172341,0.019039412660222372,0.5910284844585082,2.335206654107836,-0.0386453875859627,-0.015051201950879622,0.019258636284948005,0.0845370610407272,51.97284215404407,0.621250635485511,3934.0
cash_secured_put_25d,0.22821638472531203,0.013254814588979036,0.025563996196605522,0.5720520256895271,2.2602289602166055,-0.05812110958835093,-0.022540324731967265,0.025669354964079103,-0.348544437830764,60.2759321527408,0.6527707168276563,3934.0
collar_25d,0.25602631329945025,0.01470910227966371,0.03173481966414726,0.5171247884613297,2.0432065099626855,-0.08646606596451722,-0.014582661834540631,0.021572302113751066,-0.22464699295172158,10.238441640584403,0.5541433655312659,3934.0
risk_reversal_25d,0.23831339085455427,0.013786356395624866,0.031971716306742566,0.477778945697933,1.8877475494411058,-0.067923005755116,-0.022540326343214984,0.03056768201710802,-0.036171836178836826,32.81187967435614,0.5292323335027961,3934.0
bull_call_spread,0.07423443376116579,0.004597541959357354,0.01630901549951025,0.29223317483554895,1.1546395349325,-0.04466148699408201,-0.007801534200524766,0.007853364912446122,-0.10035701507337863,8.379541174719389,0.5170310116929334,3934.0
short_straddle,0.053323700001325136,0.0033333392738090772,0.03673960786974571,0.09330461417114098,0.36865491528895816,-0.12662215067912652,-0.029162449246877803,0.0278738498961032,-0.4158070975061546,26.887570368310946,0.5632943568886629,3934.0
long_call_25d,0.010097006129242025,0.0006437469540696572,0.015144464371769148,0.04301750687305446,0.1699660353681964,-0.03993860827377571,-0.00778839993195812,0.006642228244414,0.07494205556984758,11.452321773734816,0.42272496187086933,3934.0
iron_condor_16d,-0.03575289032170059,-0.0023294471326505972,0.015097464972786339,-0.15084044736824145,-0.5959841626341256,-0.049676737098384605,-0.018178073670646264,0.016891604439649818,-0.2601061398170989,148.58969439459895,0.5704117946110828,3934.0
long_straddle,-0.21851743601814877,-0.01566996360444972,0.036709436547697476,-0.3809738743561833,-1.5052620133070045,-0.2281305577447461,-0.0278738498961032,0.029162449246877803,0.3711195970394072,26.96607031423059,0.42755465175394003,3934.0
bear_put_spread,-0.14385823856229862,-0.009899949132272878,0.017722788957129514,-0.5193265513296574,-2.0519058729140283,-0.15066997695697126,-0.014318046473701251,0.009730858023693145,0.21376181583028553,17.613873017490707,0.3998474834773767,3934.0
long_strangle_25d,-0.2840567787773357,-0.021177449892223033,0.027300543083643023,-0.6661413799988238,-2.631984454311077,-0.28796393225149775,-0.020771027911050042,0.022540323120719696,0.43535505067095587,37.55916732490823,0.38891713268937467,3934.0
long_put_25d,-0.2941537849065782,-0.022067608165073804,0.02556940587886087,-0.7367202286162734,-2.9108478276757976,-0.2996551705678169,-0.025669354964079103,0.022540324731967265,0.3285377299443228,60.17248725474893,0.3220640569395018,3934.0
butterfly_atm,-0.2261839779336451,-0.016291389072664808,0.012752509222185454,-1.134415570918016,-4.48217786348885,-0.23494087160741173,-0.006620401677375484,0.0071046373874439454,-0.5407723723909151,14.555041083977605,0.49771225216065074,3934.0
box_spread,-0.12709388322857096,-0.008669288017566501,0.0030642981133318726,-2.6504184616288238,-10.472041518331233,-0.1268940023618561,-0.002237624101493566,2.56594386267534e-05,-6.543271083173653,46.88031364924814,0.8121504829689883,3934.0
