,legs,cost,max_loss,delta,gamma,vega,theta
long_call_25d,1.0,405.4175945940585,405.4175945940585,24.55773254023847,1.110587997414242,8466.758105115186,-11.790270603354811
long_put_25d,1.0,671.7054853883269,671.7054853883269,-25.100332048355554,0.7316440177482221,8565.989874095309,-13.370502140527545
covered_call_25d,2.0,76202.58411439032,76202.58411439032,75.44226745976152,-1.110587997414242,-8466.758105115186,11.790270603354811
cash_secured_put_25d,2.0,73528.29451461167,73528.29451461167,25.100332048355554,-0.7316440177482221,-8565.989874095309,13.370502140527545
bull_call_spread,2.0,911.8329761960069,911.8329761960069,25.84684205004413,0.08012351393400552,2263.7847065949572,-6.864919154322734
bear_put_spread,2.0,684.8373093308226,684.8373093308226,-24.495093361361846,0.4590674936000255,2164.552937614835,2.5352463483333327
long_straddle,2.0,2673.7933655092147,2673.7933655092147,0.8091491805651998,2.381423022696495,21461.085623420287,-29.490445549871758
short_straddle,2.0,-2673.7933655092147,inf,-0.8091491805651998,-2.381423022696495,-21461.085623420287,29.490445549871758
long_strangle_25d,2.0,1077.1230799823854,1077.1230799823854,-0.5425995081170853,1.8422320151624643,17032.747979210493,-25.160772743882358
short_strangle_16d,2.0,-696.2520051456295,inf,-0.31115463514240105,-1.3761980199329407,-13212.232377665896,21.808330247592632
iron_condor_16d,4.0,-320.0129869490944,4179.9870130509125,-0.029339101966114,-0.5693595661821242,-5080.167764973152,5.222637737487909
butterfly_atm,3.0,1190.5040393063985,1190.5040393063985,-1.3517486886822851,-0.5391910075340309,-4428.337644209792,4.614034041097888
risk_reversal_25d,2.0,-266.2878907942684,73933.71210920574,49.65806458859402,0.37894397966602,-99.23176898012207,1.580231537172735
collar_25d,3.0,76874.28959977865,2674.289599778669,50.34193541140598,-0.37894397966602,99.23176898012207,-1.580231537172735
conversion,3.0,76647.29393291345,0.0,0.0,0.0,0.0,7.819933965483331
box_spread,4.0,4778.013128285527,0.0,7.105427357601002e-15,0.0,0.0,0.4874764030431186
